annotation_instance_id	annotator_id	error_tag_leaf	template_id	source	corrected	feedback_explanation	feedback_suggestion
batch_1_001	a_1	Causative	Causative_00	Sometimes, this can change a person, making that her or him have a new perception of the world.	Sometimes, this can change a person, making [NONE] her or him have a new perception of the world.	When using "make" to describe something causing another to do an action, the pattern "make + person/thing + verb (base form)" is used.	Remove "that" to make this follow the causative pattern.
batch_1_002	a_1	Expressions of Place	Expressions of Place_00	Except for [NONE] the big cities, public transport is not an easy way to get around the city. That means that in the future even more people will stop using it.	Except for in the big cities, public transport is not an easy way to get around the city. That means that in the future even more people will stop using it.	You need a prepositional phrase or adverb to express where something is true or where something happens.	Add "in" before "the big cities" to focus on how things are there.
batch_1_003	a_1	Infinitive	Infinitive_02	Second, for the indoor swimming pool, it generally appear wavy falling, from 2500 dollars in 2012 to 2000 dollars in 2014. We can infer, it will not rise sharply, and it is impossible for it to fall sharply.	Second, for the indoor swimming pool, it generally appears to be wavy falling, from 2500 dollars in 2012 to 2000 dollars in 2014. We can infer, it will not rise sharply, and it is impossible for it to fall sharply.	Words like "seem" and "appear" can not connect to an -ing verb directly.	Use the infinitive "to be" as a connector.
batch_1_005	a_1	Tense: Continuous Aspect	Tense: Continuous Aspect_02	We gathering around the table on this day and wait for the spring in the last moments of the year.	We gather around the table on this day and wait for the spring in the last moments of the year.	When describing something you usually do, use the simple present, not the present continuous.	Change "gathering" to the simple present form.
batch_1_007	a_2	Participle	Participle_00	The moral is about students don't be naïve and being careful of unscrupulous men that sell drugs.	The moral is about students not being naïve and being careful of unscrupulous men that sell drugs.	The verb should be changed to a participle to modify the noun "students."	Change "don't be" to its present participle form.
batch_1_009	a_1	Subject-Verb Agreement	Subject-Verb Agreement_00	I think one of my favorite sports of all is athletics. I love it because it is a sport where you prove yourself, you have to be better every day than you were yesterday. It force you to improve every time. Also, it is an exercise that helps your whole body, especially the legs, because it gives them great strength, but also your hands, because they have to be in constant movement, and all the body in general, because you run and your metabolism is accommodated and helps you to have coordination.	I think one of my favorite sports of all is athletics. I love it because it is a sport where you prove yourself, you have to be better every day than you were yesterday. It forces you to improve every time. Also, it is an exercise that helps your whole body, especially the legs, because it gives them great strength, but also your hands, because they have to be in constant movement, and all the body in general, because you run and your metabolism is accommodated and helps you to have coordination.	The subject, "it," is in the third person singular. The verb must be in a different form to match with it.	Change "force" to a form that goes with a third-person singular subject.
batch_1_010	a_1	Vocabulary Choice	Vocabulary Choice_02	I thought that writing an article on my favourite sport would be interesting for the readers. Above all, and making no differences of the sport you have chosen, it is paramount to do some sport, whatever sport you choose, such as spinning. That is my favourite sport.	I thought that writing an article on my favourite sport would be interesting for the readers. Above all, and regardless of the sport you have chosen, it is paramount to do some sport, whatever sport you choose, such as spinning. That is my favourite sport.	"Making no differences of" does not sound natural here.	Try using another term such as "regardless of."
batch_1_011	a_2	Modal	Modal_03	In addition, we could play outdoor games and they may do landscape painting.	In addition, we could play outdoor games and they could do landscape painting.	"May" might not be the best modal to use here. It is used for permission or possibility more than describing potential options.	Instead of "may," consider using "could" here.
batch_1_012	a_1	Tense: Tense Choice	Tense: Tense Choice_00	Sukh was so angry with him because he hurt her a lot. Sukh refused to give him her laptop and her brother start fighting with her again and he even slapped his sister.	Sukh was so angry with him because he hurt her a lot. Sukh refused to give him her laptop and her brother started fighting with her again and he even slapped his sister.	To talk about something that happened in the past, use the past tense of the verb.	Change "start" to the past tense.
batch_1_013	a_1	Subject-Verb Agreement	Subject-Verb Agreement_00	I miss you so much. How are your baby?	I miss you so much. How is your baby?	The subject, "your baby" is in the third person singular. The verb must be in a different form to match with it.	Change "are" to a form that goes with a third-person singular subject.
batch_1_014	a_2	Plural vs. Singular: Noun Number	Plural vs. Singular: Noun Number_01	In the past, people bought thing, and they didn't care how dangerous they were for the planet.	In the past, people bought things, and they didn't care how dangerous they were for the planet.	Use the plural form when referring to a general group. Also, be aware that plural subjects generally take actions upon plural objects.	Change the word "thing" to its plural form.
batch_1_015	a_1	Causative	Causative_00	Finally, the kind of life that we will see in fifty years from now will have a lot of stuff to help people to have a more comfortable, easier and faster way of life, but this will be only to make more money and consume more and more. Also, things will be faster of waste to make people to change their possessions more often and stimulate consumerism.	Finally, the kind of life that we will see in fifty years from now will have a lot of stuff to help people to have a more comfortable, easier and faster way of life, but this will be only to make more money and consume more and more. Also, things will be faster of waste to make people [NONE] change their possessions more often and stimulate consumerism.	When using "make" to describe something causing another to do an action, the pattern "make + person/thing + verb (base form)" is used.	Remove "to" to make this satisfy the causative pattern.
batch_1_016	a_1	General Collocations	General Collocations_00	Talking about your new job, I was searching for some vacancies. However, they required a full - time worker, so I am going to continue searching for some jobs of part - time.	Talking about your new job, I was searching for some vacancies. However, they required a full - time worker, so I am going to continue searching for some part - time jobs.	"Jobs of part time" does not sound natural.	It is better to say "part-time jobs."
batch_1_017	a_2	Pronoun Antecedent	Pronoun Antecedent_00	For example, now high - heeled shoes are very trendy but they cost a lot and most women don't look good in it.	For example, now high - heeled shoes are very trendy but they cost a lot and most women don't look good in them.	The pronoun "it" refers to "shoes," so it should be a plural pronoun.	Change "it" to be plural.
batch_1_018	a_1	Part-of-Speech Confusion	Part-of-Speech Confusion_01	They learn and understand very good English.	They learn and understand English very well.	"Good" is an adjective, but it seems to be modifying "understand." An adverb should be used instead.	Use "well" instead of "good" to describe how an action is done.
batch_1_019	a_1	Plural vs. Singular: Noun Number	Plural vs. Singular: Noun Number_00	. You can experience 19th century Korean imperial architecture and Korean traditional custom.	. You can experience 19th century Korean imperial architecture and Korean traditional customs.	"Custom" is singular here, but it is better to refer to more than one.	Change "custom" to be plural.
batch_1_020	a_2	Verb + Preposition + Argument	Verb + Preposition + Argument_01	So, I'm really thinking [NONE] leaving this sport.	So, I'm really thinking about leaving this sport.	When referring to the object of thought, the verb "thinking" requires a preposition to connect to it.	Add the word "about" or "of" after the word "thinking."
batch_1_021	a_1	Plural vs. Singular: Noun Number	Plural vs. Singular: Noun Number_00	There are a lot of clubs, pubs and bars, cafe, and karaoke, bars and it has more facilities which you will be able to enjoy.	There are a lot of clubs, pubs and bars, cafes, and karaoke, bars and it has more facilities which you will be able to enjoy.	"Cafe" is singular here, but you seem to be talking about more than one.	Change "cafe" to be plural.
batch_1_023	a_1	Plural vs. Singular: Noun Number	Plural vs. Singular: Noun Number_00	Ten year ago, the local governing body of the city decided to plant more tree and it asked advice from the citizens of the city about the proposal.	Ten year ago, the local governing body of the city decided to plant more trees and it asked advice from the citizens of the city about the proposal.	"Tree" is singular here, but you are talking about a situation with more than one.	Change "tree" to be plural.
batch_1_024	a_2	Verb Nominalization	Verb Nominalization_00	The most important step is inspect the notes to see which are good quality sheets and which are bad sheets.	The most important step is inspecting the notes to see which are good quality sheets and which are bad sheets.	"Inspect" is a verb, so it must be changed to a noun form to be used in this situation.	Change "inspect" to the gerund form (-ing).
batch_1_026	a_1	Possessive	Possessive_02	There are a lot of high - rise buildings and it causes flooding along the high - rise building 's section.	There are a lot of high - rise buildings and it causes flooding along the high - rise buildings ' section.	It seems this should be a plural possessive, but an apostrophe + s ending is only used for the singular of "building."	To make this a plural possessive, move the apostrophe to the end of the word, after the s.
batch_1_027	a_1	Subject-Verb Agreement	Subject-Verb Agreement_00	Taichung have plenty of trees in the park.	Taichung has plenty of trees in the park.	The subject, "Taichung" is in the third person singular. The verb must be in a different form to match with it.	Change "have" to a form that goes with a third-person singular subject.
batch_1_028	a_2	Vocabulary Choice	Vocabulary Choice_00	Since that time, we have been very linked until now.	Since that time, we have been very close until now.	"Linked" cannot be used for a bond between humans.	Use "close" instead of "linked."
batch_1_029	a_1	Tense: Perfect	Tense: Perfect_03	When Michael woke up that morning he smelled a strange smell in the air. He did not know what what the source of that strange smell was but, in his nose, he received a kind of sign something bad [NONE] happened.	When Michael woke up that morning he smelled a strange smell in the air. He did not know what what the source of that strange smell was but, in his nose, he received a kind of sign something bad had happened.	When we talk about two past events, we use "had" before the verb of the earlier event. This is called the past perfect tense.	Add "had" before "happened" to make it past perfect.
batch_1_030	a_1	Causative	Causative_02	I have other qualities like, cooking like a super chef or even better than that. I am the most organized person in this country, and I love to work with children because it is a way to teach everything you know to other people and help [NONE] to improve as a person.	I have other qualities like, cooking like a super chef or even better than that. I am the most organized person in this country, and I love to work with children because it is a way to teach everything you know to other people and help them to improve as a person.	When using "help" to describe helping another with an action, the pattern "help + person/thing + verb (base form)" is used.	Be sure to include the word for who or what is being helped.
batch_1_031	a_1	Plural vs. Singular: Noun Number	Plural vs. Singular: Noun Number_00	Nowadays, many accident happen when people are driving their cars.	Nowadays, many accidents happen when people are driving their cars.	"Accident" is singular here, but you seem to be talking about more than one.	Change "accident" to be plural.
batch_1_032	a_2	Verb Nominalization	Verb Nominalization_00	I think if you're a comedy fan you will be excited about see this movie and, even if you're not, the movie is a must - see.	I think if you're a comedy fan you will be excited about seeing this movie and, even if you're not, the movie is a must - see.	"Excited about" requires a noun phrase, so the word "see" should be nominalized.	Use the gerund form of "see."
batch_1_033	a_2	Plural vs. Singular: Noun Number	Plural vs. Singular: Noun Number_00	Apart from that, I imagine the world with everything automatic, planes that take me from New York to Dubai in three hours and robot instead of waiters in a restaurant.	Apart from that, I imagine the world with everything automatic, planes that take me from New York to Dubai in three hours and robots instead of waiters in a restaurant.	"Robot" is singular here, but you seem to be talking about more than one.	Use the plural form of the word "robot."
batch_1_034	a_1	Spelling	Spelling_00	I am communicating with you with the purpose of letting yo know that we are going to set up a meeting at my office with the purpose of discussing how we could use social media to improve the communication with our suppliers. I think a great time for the meeting would be next Monday at 4:00 p.m	I am communicating with you with the purpose of letting you know that we are going to set up a meeting at my office with the purpose of discussing how we could use social media to improve the communication with our suppliers. I think a great time for the meeting would be next Monday at 4:00 p.m	This word may be misspelled.	Did you mean "you?"
batch_1_035	a_2	Modal	Modal_00	So we can started from the beginning: first, was breakfast, which included some cereals with hot milk.	So we can start from the beginning: first, was breakfast, which included some cereals with hot milk.	Use the base form of the verb after a modal verb, regardless of tense.	Change "started" to the base form.
batch_1_036	a_2	Modal	Modal_00	Michael told me he knew about this contest and at that moment he wanted to call me to ask if I was able to came with him to that contest.	Michael told me he knew about this contest and at that moment he wanted to call me to ask if I was able to come with him to that contest.	Use the simple present form of the verb after modal verbs or phrases such as "be able to."	Change "came" to the simple present form.
batch_1_037	a_1	Infinitive	Infinitive_00	We tried to gave her help but she was so heavy and we could not do that. Then we tried to find help,	We tried to give her help but she was so heavy and we could not do that. Then we tried to find help,	"Try" needs a to-infinitive (to + base form of the verb) here, but "to gave" is the wrong form.	Change "gave" to the base form to fix this infinitive.
batch_1_038	a_2	Vocabulary Choice	Vocabulary Choice_00	The line which represents the indoor swimming pool remains fairly steady, from approximately 1800 to 2500, the period of every year from April to June and October to December own the highest outstanding achievement, whilst the sales are downwards overall.	The line which represents the indoor swimming pool remains fairly steady, from approximately 1800 to 2500, the period of every year from April to June and October to December has the highest outstanding achievement, whilst the sales are downwards overall.	"Owns" is for when a person has something like property. It does not seem natural here.	Use the word "has" instead of "own."
batch_1_039	a_2	Quantifier	None	I have done several school trips in the past [NONE] years and I'm going to do it again for sure.	I have done several school trips in the past few years and I'm going to do it again for sure.	The word "the" refers to a specific set of years, so a quantifier must be used to specify the set of years.	Include a quantifier such as "few" or "several."
batch_1_040	a_1	Quantifier	Quantifier_02	So I have had a lot [NONE] problems:	So I have had a lot of problems:	"A lot" is always followed by "of" when talking about the amount of something countable like "problems."	Change "a lot" to "a lot of."
batch_1_041	a_2	Tense: Tense Choice	Tense: Tense Choice_00	When he came she started crying and thought he would break up with her and she did not give him a chance to talk or explain anything. She started to cry louder and accused him of cheating. That made Michael astonished at how she did not trust in him, how she thought that about him, and he told her that he could not stand that anymore, he would break up with her, and he left. Michael close the door and knew at that moment he had made a mistake.	When he came she started crying and thought he would break up with her and she did not give him a chance to talk or explain anything. She started to cry louder and accused him of cheating. That made Michael astonished at how she did not trust in him, how she thought that about him, and he told her that he could not stand that anymore, he would break up with her, and he left. Michael closed the door and knew at that moment he had made a mistake.	Use the simple past tense to refer to actions that happened in the past.	Change "close" to its simple past form.
batch_1_042	a_1	Tense: Past Formation	Tense: Past Formation_01	Michael went into the teacher's office, but he found that his teacher wasn't there. Maybe the teacher had gone to the bathroom. Suddenly, the door is opened by a teacher, a teacher who was wearing a bikini came into sight. This incident came as quite a surprise to Michael. She flirted with Michael. Michael felt excited but ran out of the office, but he regretted his action. Michael closed the door and knew at that moment he had made a mistake.	Michael went into the teacher's office, but he found that his teacher wasn't there. Maybe the teacher had gone to the bathroom. Suddenly, the door was opened by a teacher, a teacher who was wearing a bikini came into sight. This incident came as quite a surprise to Michael. She flirted with Michael. Michael felt excited but ran out of the office, but he regretted his action. Michael closed the door and knew at that moment he had made a mistake.	To use a passive verb in the past tense, it is necessary to use the pattern "was"/"were" plus the past participle.	Change "is" to "was" to fix this past passive.
batch_1_044	a_2	Part-of-Speech Confusion	Part-of-Speech Confusion_01	Maybe, in 2060, we will be able to go to the moon very easy, like going to Europe.	Maybe, in 2060, we will be able to go to the moon very easily, like going to Europe.	Instead of an adjective, an adverb is needed to modify the action of "go to the moon."	Change the word "easy" to its adverb form, "easily."
batch_1_046	a_2	Plural vs. Singular: Noun Number	Plural vs. Singular: Noun Number_01	The person do not need to save large amounts of money to buy a car.	People do not need to save large amounts of money to buy a car.	"The person" is singular, but you are talking about a general case.	Remove the definite article "the" and change the word "person" to its plural form.
batch_1_047	a_1	Plural vs. Singular: Noun Countability	Plural vs. Singular: Noun Countability_02	Now our company is going to do multidimensional operations, not just focus on furniture, but also on home appliance.	Now our company is going to do multidimensional operations, not just focus on furniture, but also on home appliances.	"Appliance" is a countable noun and can not be used in the singular when speaking in general terms.	Change "appliance" to be plural.
batch_1_048	a_2	Modal	None	However, travelling by bus or tram never get away from our daily routine. Travelling by bus is not as convenient as getting in a car, but you can never know what might happen with your car, where it might get stuck in traffic or some other accident will happen.	However, travelling by bus or tram never get away from our daily routine. Travelling by bus is not as convenient as getting in a car, but you can never know what might happen with your car, where it might get stuck in traffic or some other accident might happen.	"Will" suggests that something is certain to happen, but this situation is just a possibility.	Use a modal like "might" or "may" to talk about possibilities.
batch_1_049	a_1	Part-of-Speech Confusion	Part-of-Speech Confusion_01	In important meetings like the UN General Assembly or G77, many leaders of power countries raise environmental problems as the most concerning problem in their internal policies.	In important meetings like the UN General Assembly or G77, many leaders of powerful countries raise environmental problems as the most concerning problem in their internal policies.	The word "power" is a noun, but we need an adjective to modify a noun like "countries."	Change "power" to an adjective like "powerful."
batch_1_050	a_2	Tense: Perfect	Tense: Perfect_00	Series can also help you to study. For me, it helped me a lot because I love series and some q I watch [NONE] helped me in school, such as Breaking Bad, which helped me in chemistry, and so many others.	Series can also help you to study. For me, it helped me a lot because I love series and some q I watch have helped me in school, such as Breaking Bad, which helped me in chemistry, and so many others.	When describing experiences or whether something ever happened, use the present perfect tense.	Change the verb form to have/has + past participle of the verb.
batch_1_051	a_1	Infinitive	None	I think that for people who want learning English Write and Improve is great!	I think that for people who want to learn English Write and Improve is great!	"Want" needs a to-infinitive (to + base form of the verb) here, but "learning" is the wrong form.	Change "learning" to a to-infinitive.
batch_1_052	a_2	Tense: Tense Choice	Tense: Tense Choice_00	Michael went into the teacher's office, but he found that his teacher wasn't there. Maybe the teacher had gone to the bathroom. Suddenly, the door was opened by a teacher, a teacher who was wearing a bikini came into sight. This incident came as quite a surprise to Michael. She flirted with Michael. Michael felt excited but run out of the office, but he regretted his action. Michael closed the door and knew at that moment he had made a mistake.	Michael went into the teacher's office, but he found that his teacher wasn't there. Maybe the teacher had gone to the bathroom. Suddenly, the door was opened by a teacher, a teacher who was wearing a bikini came into sight. This incident came as quite a surprise to Michael. She flirted with Michael. Michael felt excited but ran out of the office, but he regretted his action. Michael closed the door and knew at that moment he had made a mistake.	Use the simple past tense to talk about an event in the past.	Change "run" to its past tense form.
batch_1_053	a_1	Subject-Verb Agreement	Subject-Verb Agreement_01	clothes trends changes very quickly.	clothes trends change very quickly.	Your subject and verb do not agree in number. "Clothes trends" is plural, but "changes" is only used with a singular subject.	Change "changes" to a form that goes with a plural subject.
batch_1_054	a_2	Subject-Verb Agreement	Subject-Verb Agreement_01	My favourite kinds of movie are comedy and comedy drama because they has interesting plots and characters, someone and who watches comedy can laugh all the time.	My favourite kinds of movie are comedy and comedy drama because they have interesting plots and characters, someone and who watches comedy can laugh all the time.	The subject is plural, but "has" is only used with the singular.	Change "has" to a form that goes with a plural subject.
batch_1_056	a_1	Subject-Verb Agreement	Subject-Verb Agreement_01	Parents' words is key to restricting their kids' actions.	Parents' words are key to restricting their kids' actions.	"Words" is plural, but "is" is only used with a singular subject.	Change "is" to a form that goes with a plural subject.
batch_1_058	a_2	Plural vs. Singular: Noun Number	Plural vs. Singular: Noun Number_01	Public transport means travelling around the world and cities using trains, buses, taxi, airplanes etc.	Public transport means travelling around the world and cities using trains, buses, taxis, airplanes etc.	Use the plural form of the word when talking about the word in general.	Change the word "taxi" to its plural form.
batch_1_059	a_2	Verb Nominalization	Verb Nominalization_00	Try to motivate people for education, studying and school is a very hard thing if they all know all those dreams are not going to happen anyway, whereas people in Switzerland have to choose very early in which direction they want to go and what their possibilities look like.	Trying to motivate people for education, studying and school is a very hard thing if they all know all those dreams are not going to happen anyway, whereas people in Switzerland have to choose very early in which direction they want to go and what their possibilities look like.	The verb "try" is acting as the subject of the sentence and, therefore, needs to be changed to a noun form.	Change "try" to its gerund (-ing) form.
batch_1_062	a_1	Tense: Tense Choice	Tense: Tense Choice_00	Adam was twelve years old, a clever boy in his school, always got the top marks and participate in most activities, and known to all the teachers and students.	Adam was twelve years old, a clever boy in his school, always got the top marks and participated in most activities, and known to all the teachers and students.	It seems like this happened in the past, but "participate" is in the present tense here.	Change "participate" to the past tense.
batch_1_063	a_2	Plural vs. Singular: Noun Number	Plural vs. Singular: Noun Number_00	Nowadays, every child can get more and more resources from their parents because of less competition with other child.	Nowadays, every child can get more and more resources from their parents because of less competition with other children.	"Child" is singular here, but you seem to be talking about more than one.	Change "child" to its plural form.
batch_1_064	a_2	Part-of-Speech Confusion	Part-of-Speech Confusion_01	For example, during the semi - final first leg AFF Cup 2014 between Vietnam and Malaysia, the players played quite violent, and the supporters of the two teams were very tense.	For example, during the semi - final first leg AFF Cup 2014 between Vietnam and Malaysia, the players played quite violently, and the supporters of the two teams were very tense.	The word "violent" modifies the action of "played" and, therefore, should be in the adverb form.	Change "violent" to its adverb form by adding "-ly."
batch_1_066	a_2	Archaic or Formal Language	Archaic or Formal Language_00	Through this colorful school life, I undergo different types of experience and I have finally set my career goal to become an engineer or a computer technician.	Through this colorful school life, I have had different types of experience and I have finally set my career goal to become an engineer or a computer technician.	The verb "undergo" is overly formal for the situation.	Consider using another word or phrase, such as "have had."
batch_1_067	a_2	Definite vs. Indefinite Article	Definite vs. Indefinite Article_00	In conclusion, each problem must be solved concerning societal and environmental issues that impede a further progress of our civilization.	In conclusion, each problem must be solved concerning societal and environmental issues that impede the further progress of our civilization.	Use the definite article "the" with singular events or ideas like "further progress of our civilization."	Change "a" to "the" to refer to something specific.
batch_1_068	a_2	Plural vs. Singular: Noun Number	Plural vs. Singular: Noun Number_03	We depend on cars so much, as if they are our spare pair of foot.	We depend on cars so much, as if they are our spare pair of feet.	"Pair" means that there are two of something, so "foot" can not be singular here.	Change "foot" to its plural form.
batch_1_069	a_2	Possessive	Possessive_00	Micheal is a clever, shy guy who decided to look for new opportunities outside of his small town. After the tragedy of losing his father, he felt the need to move forward with his life and discover his real needs. No one in Micheal's school was able to understand this weird, isolated guy, so he never accepted having new friendships out of his class, that ends when the class ends. Then there was that girl. A beautiful popular blonde who was in the cheer leaders and every boy [NONE] dreams. One day, after a physics exam, she just stumbled into his bag and knocked his books out of it. 'Sorry', she said, with a sad sexy look!,	Micheal is a clever, shy guy who decided to look for new opportunities outside of his small town. After the tragedy of losing his father, he felt the need to move forward with his life and discover his real needs. No one in Micheal's school was able to understand this weird, isolated guy, so he never accepted having new friendships out of his class, that ends when the class ends. Then there was that girl. A beautiful popular blonde who was in the cheer leaders and every boy 's dreams. One day, after a physics exam, she just stumbled into his bag and knocked his books out of it. 'Sorry', she said, with a sad sexy look!,	When something belongs to something else, it is necessary to use a possessive.	Change "boy" to its possessive form.
batch_1_070	a_2	Verb + Preposition + Argument	Verb + Preposition + Argument_01	Have you ever thought [NONE] what you can do to help the environment?	Have you ever thought about what you can do to help the environment?	The word "think" takes the prepositions "of" or "about" to connect to an object.	Add either "of" or "about" between "thought" and "what."
batch_1_071	a_1	Casual or Informal Language	Casual or Informal Language_01	I think this thriller will get your nerves out of you. The movie reveals many things as it continues. It's actually so good and, for those that are scared of thrillers, this movie is more like suspense and I really think you can enjoy it.	I think this thriller will get your nerves out of you. The movie reveals many things as it continues. It's actually so good and, for those who are scared of thrillers, this movie is more like suspense and I really think you can enjoy it.	Using "that" as a relative pronoun for people may sound informal.	Consider changing "that" to "who."
batch_1_072	a_1	Tense: Perfect	Tense: Perfect_02	In other ways I'll talk about Benzema. He is my friend for many years, but I'm not sure if he is with me or with the others guys, so I want to listen to their version of the story so he is here to talk about that.	In other ways I'll talk about Benzema. He has been my friend for many years, but I'm not sure if he is with me or with the others guys, so I want to listen to their version of the story so he is here to talk about that.	When you talk about something that started in the past and continues until now, it is necessary to use the present perfect tense.	Change "is" to follow the present perfect pattern of have/has + past participle of the verb.
batch_1_073	a_2	Possessive	Possessive_01	She was so excited and happy. She didn't know what she could write to her lover, she realised that he was alive so she just wrote 'Dear, please take care of yourself, we will be here waiting for you. I'm pregnant, it's a boy. If you let me choose, his name will be Taylor as was your fathers ' name. I have always loved you and I always will. Do your best, come back as soon as you can, because I need you, love Alison'.	She was so excited and happy. She didn't know what she could write to her lover, she realised that he was alive so she just wrote 'Dear, please take care of yourself, we will be here waiting for you. I'm pregnant, it's a boy. If you let me choose, his name will be Taylor as was your father 's name. I have always loved you and I always will. Do your best, come back as soon as you can, because I need you, love Alison'.	The possessive form "s'" is only used when the word is plural.	Move the apostrophe before the s to fix this possessive.
batch_1_074	a_2	Prepositions: Means/Agent	Prepositions: Means/Agent_02	Years ago, we used to get through to other people by ringing them up or texting messages by our mobile phone and, as time goes by, nowadays we also can communicate via social networks such as Twitter, Facebook, Whatsapp... First of all, we use them to catch up on news and social issues via Twitter instead of newspapers, for instance. It's common to see people having breakfast in a cafeteria readings the news on their smartphone, an image so far from years back.	Years ago, we used to get through to other people by ringing them up or texting messages via our mobile phone and, as time goes by, nowadays we also can communicate via social networks such as Twitter, Facebook, Whatsapp... First of all, we use them to catch up on news and social issues via Twitter instead of newspapers, for instance. It's common to see people having breakfast in a cafeteria readings the news on their smartphone, an image so far from years back.	"By" is not the best preposition to describe doing something using a mobile phone.	Consider using other words like "on" or "via" instead of "by" here.
batch_1_075	a_2	Plural vs. Singular: Noun Countability	Plural vs. Singular: Noun Countability_01	It means that more kinds of species are endangered because they are unable to adapt themselves to the remaining lands.	It means that more kinds of species are endangered because they are unable to adapt themselves to the remaining land.	The word "land" is generally non-countable. It is mostly used in its plural form when referring to various types or areas of land.	Change the word "land" to its singular form.
batch_1_078	a_2	Verb + Preposition + Argument	Verb + Preposition + Argument_01	Most products and materials were recycled and changed [NONE] new products.	Most products and materials were recycled and changed into new products.	When the word "change" is used like this, it is necessary to have a preposition before the result that something became ("new products").	Add the word "into" between "changed" and "new products."
batch_1_079	a_2	Tense: Tense Choice	None	So, in summary, to save the environment, to make the roads accessible to everyone, public transport should have been used and we should all try to educate people about the importance of public transport.	So, in summary, to save the environment, to make the roads accessible to everyone, public transport should be used and we should all try to educate people about the importance of public transport.	"Should have been" is used to talk about the past, but it seems like this sentence is about how things should be now or in the future.	Change "should have been" to "should be" to talk about the present or future.
batch_1_081	a_1	Relative Clause	Relative Clause_00	Our budget is fixed for only 75 people, it is almost twice the number of participants last year.	Our budget is fixed for only 75 people, which is almost twice the number of participants last year.	This is a relative clause to explain more about something. You can't use "it" here - a relative pronoun is needed instead.	Change "it" to a relative pronoun.
batch_1_082	a_1	Plural vs. Singular: Noun Number	Plural vs. Singular: Noun Number_06	It says the bravery of men is reckoned by the number of scars on his body, except on his back, because they thought to be dead on the field was far better than retreating.	It says the bravery of a man is reckoned by the number of scars on his body, except on his back, because they thought to be dead on the field was far better than retreating.	"Men" is plural here, but you seem to be talking about one at a time. Use a singular form instead.	Change "men" to be singular.
batch_1_083	a_1	Purpose Clause	Purpose Clause_04	In purpose to build more necessary networks of housing and transport, areas of farmland, forest and wetland have to be destroyed by many countries today.	In order to build more necessary networks of housing and transport, areas of farmland, forest and wetland have to be destroyed by many countries today.	"In purpose to" is not a valid way to form a purpose clause in English.	Edit this to use a standard purpose clause phrase such as "to," "in order to," and "so as to."
batch_1_084	a_1	Quantifier	Quantifier_02	Then our trainer, Nico, shows us a lot [NONE] tips and tricks.	Then our trainer, Nico, shows us a lot of tips and tricks.	"A lot" is always followed by "of" when talking about the amount of something countable like "tips and tricks."	Change "a lot" to "a lot of."
batch_1_085	a_2	Subject-Verb Agreement	Subject-Verb Agreement_00	Some people say that there are no future for public transport.	Some people say that there is no future for public transport.	Use the third-person singular form of the verb for a singular subject like "future."	Change "are" to the third-person singular form.
batch_1_087	a_1	Purpose Clause	Purpose Clause_02	I'm a cheerful person, so I would attempt to give my best for keep the attention of the children.	I'm a cheerful person, so I would attempt to give my best to keep the attention of the children.	You can't use "for keep" to express purpose. Purpose clauses typically use a phrase with a to-infinitive or a that clause.	Consider changing "for" to "to" to change this into a to-infinitive.
batch_1_088	a_2	Plural vs. Singular: Noun Countability	Plural vs. Singular: Noun Countability_03	Cars aren't cheap and if you think that it is easier to move from one place to another when you have a car, you have got a point, but there are a lot of considerations which you should occur like gas, insurance or parking cost.	Cars aren't cheap and if you think that it is easier to move from one place to another when you have a car, you have got a point, but there are a lot of considerations which you should occur like gas, insurance or parking costs.	In order to talk about general items, use the plural form of countable nouns like "cost."	Change "cost" to its plural form.
batch_1_089	a_1	Tense: Tense Choice	Tense: Tense Choice_02	The story of Blade Runner is about a police officer named Dickard who is working as a killer for the most dangerous robots on earth, which they called the replicants, and they are dangerous to humans.	The story of Blade Runner is about a police officer named Dickard who is working as a killer for the most dangerous robots on earth, which they call the replicants, and they are dangerous to humans.	"Called" is in the past tense, but it is better to use a present verb in this context.	Change "called" to the present tense.
batch_1_090	a_1	Prepositions: Means/Agent	Prepositions: Means/Agent_01	However, learning ideas and concepts needs more investigation and understanding [NONE] many of the academic textbooks.	However, learning ideas and concepts needs more investigation and understanding from many of the academic textbooks.	A preposition is required to show the relationship between "understanding" and "many of the academic textbooks."	Consider adding "from" between the words "understanding" and "many."
batch_1_091	a_2	Part-of-Speech Confusion	Part-of-Speech Confusion_01	It is really good. It is better than the previous novel, FSOGrey. I really mean it. It is not porn. BE GROWN UP PLEASE. If you don't want to read the 'sex parts', just turn over the next page till it ends, that's all. I did that to finish that novel. This novel is just to tell us the passionate love story between a successful businessman, chairmen man with a very unhappy childhood, and he only refers to his birth mother as 'the crack whore', which is related to his recently behaviour - BDSM. And the girl seemed very bored of her routine life, innocent, did nt know anything about life. Apparently, THEY were so different from each other, but somehow, some magic connected them and made them a very lovely couple.	It is really good. It is better than the previous novel, FSOGrey. I really mean it. It is not porn. BE GROWN UP PLEASE. If you don't want to read the 'sex parts', just turn over the next page till it ends, that's all. I did that to finish that novel. This novel is just to tell us the passionate love story between a successful businessman, chairmen man with a very unhappy childhood, and he only refers to his birth mother as 'the crack whore', which is related to his recent behaviour - BDSM. And the girl seemed very bored of her routine life, innocent, did nt know anything about life. Apparently, THEY were so different from each other, but somehow, some magic connected them and made them a very lovely couple.	The word "recently" is modifying the noun "behaviour" and should therefore be changed to its adjective form.	Change "recently" to its adjective form by removing the "-ly" suffix.
batch_1_092	a_1	Vocabulary Choice	Vocabulary Choice_00	More accurate surgery, emotional bond and an increase in communication are examples of positive consequences.	More accurate surgery, emotional bonding and an increase in communication are examples of positive consequences.	"Emotional bond" is not quite correct here. It means a specific connection that has already been made.	Try changing this to "emotional bonding," which means the process of making emotional bonds.
batch_1_093	a_2	Casual or Informal Language	None	A couple of years ago, I spent a couple [NONE] weeks in Bright with Ef.	A couple of years ago, I spent a couple of weeks in Bright with Ef.	Though the phrase "a couple <time period>s" can be used casually, in formal registers, such as writing, "a couple of <time period>s" is preferred.	Add the word "of" between "couple" and "weeks."
batch_1_094	a_2	Possessive	None	I have got one own camera. It's a Canon.	I have got my own camera. It's a Canon.	The phrase "one's own" is used for a general person, not talking about yourself.	Change "one own" to "my own."
batch_1_096	a_1	Pronoun Antecedent	Pronoun Antecedent_02	In my opinion, public transport has been improved over the last years, because cities have been putting a lot of investment into that.	In my opinion, public transport has been improved over the last years, because cities have been putting a lot of investment into it.	If you are talking about "public transportation" again, the word "that" is not the best choice. "That" is used for something specific that feels far away, but "public transportation" is already clear here.	Change "that" to "it" to make this more clear.
batch_1_097	a_1	Missing/Unnecessary Article	Missing/Unnecessary Article_01	Anyway, those tribes would not even need or want an education or a world language because it is their way of life to live in groups together with the nature and disturbing these cultural groups would simply be unnecessary.	Anyway, those tribes would not even need or want an education or a world language because it is their way of life to live in groups together with [NONE] nature and disturbing these cultural groups would simply be unnecessary.	"Nature" is an abstract noun, so it does not need an article here.	Remove the article "the."
batch_1_099	a_2	Infinitive	Infinitive_00	Thus, the investment in research into the influence of nitrate supplementation should continue, the aim of which would be to improve sports performance and improved quality of life.	Thus, the investment in research into the influence of nitrate supplementation should continue, the aim of which would be to improve sports performance and improve quality of life.	This should be a to-infinitive (to + base form of the verb), but "improved" is the wrong form.	Change "improved" to the base form to fix this infinitive.
batch_1_100	a_2	Possessive	Possessive_00	In their quest for the perfect seed, genetic engineers have strengthened crops that are destroying the seeds [NONE] biodiversity, as stand by research led by Greenpeace, GMC crops are threatening to human health because they present more toxic traces than non - modified crops.	In their quest for the perfect seed, genetic engineers have strengthened crops that are destroying the seeds ' biodiversity, as stand by research led by Greenpeace, GMC crops are threatening to human health because they present more toxic traces than non - modified crops.	Use the possessive to show that one word belongs to or is related to the other.	Change "seeds" to a possessive form.
batch_1_102	a_1	Tense: Tense Choice	Tense: Tense Choice_02	First, classes with discussion between professor and student had an advantage for the students because they learn how to interact with their fellow students.	First, classes with discussion between professor and student have an advantage for the students because they learn how to interact with their fellow students.	"Had" is in the past tense, but you seem to be speaking in general about how things are. A present tense is more appropriate.	Change "had" to the present tense.
batch_1_103	a_1	Verb Nominalization	None	Under these circumstances, some people may prefer to take public transport to save money for their 'dream house' rather than buying a car.	Under these circumstances, some people may prefer to take public transport to save money for their 'dream house' rather than buy a car.	When comparing actions with "prefer," you can choose a to-infinitive (to + base form) or a gerund (-ing). Both actions have to use the same form, but yours are different.	Consider changing "buying" to the to-infinitive so that it matches "to take."
batch_1_104	a_2	Passive vs. Active Voice	Passive vs. Active Voice_01	Security against terrorist attacks was promised to be step up, but policemen are not seen in the streets and neither are security cameras.	Security against terrorist attacks was promised to be stepped up, but policemen are not seen in the streets and neither are security cameras.	When using the passive voice, use the correct form of the "be" verb and the past participle of the verb. 	Change "step" to its past participle form.
batch_1_105	a_1	Verb Nominalization	Verb Nominalization_01	Peschiera Borromeo, a small town near Milan, has an agricultural reality and there are many possibilities for walking around and to training yourself for doing parcour.	Peschiera Borromeo, a small town near Milan, has an agricultural reality and there are many possibilities for walking around and [NONE] training yourself for doing parcour.	It seems this is supposed to be the gerund form of the verb "train." Gerunds are the same as the -ing form of a verb. You don't need additional words like "to."	Remove the unnecessary "to."
batch_1_107	a_1	Possessive	Possessive_00	That is why I totally agree with Richardson's modality dealing with this important issue which is present in students', schools' and parents [NONE] lives nowadays.	That is why I totally agree with Richardson's modality dealing with this important issue which is present in students', schools' and parents ' lives nowadays.	When something belongs to someone, it is necessary to use a possessive.	Change "parents" to a possessive form to show whose lives we are talking about.
batch_1_108	a_1	Causative	Causative_02	Suddenly, a giant fish fell from the sky, causing him [NONE] spit out the hairball. Jack could not believe what he saw. The man riding the fish was Bugs Bunny!	Suddenly, a giant fish fell from the sky, causing him to spit out the hairball. Jack could not believe what he saw. The man riding the fish was Bugs Bunny!	When using "cause" to describe something causing another to do an action, the pattern "cause + person/thing + verb (to-infinitive)" is used.	Change the verb to the to-infinitive to satisfy the causative pattern.
batch_1_109	a_1	Infinitive	Infinitive_00	We at Madhura Nagar, understand the need to protecting the environment and hence are committed to what we do.	We at Madhura Nagar, understand the need to protect the environment and hence are committed to what we do.	"Need" needs a to-infinitive (to + base form of the verb) here, but "to protecting" is the wrong form.	Change "protecting" to the base form to fix this infinitive.
batch_1_110	a_2	Subject-Verb Agreement	Subject-Verb Agreement_01	Although now she is sure, she has suffered a lot. 'The cold' and 'the fear' was inside her.	Although now she is sure, she has suffered a lot. 'The cold' and 'the fear' were inside her.	The subject of the sentence is both "the cold" and "the fear," making it a plural subject. Therefore, the third-person plural form of the verb is needed.	Change "was" to the third-person plural form of the verb.
batch_1_111	a_1	Possessive	Possessive_01	Also, it was the governors ' ultimate purpose.	Also, it was the governor 's ultimate purpose.	The possessive of a singular noun like "governor" is formed by adding an apostrophe + s.	Move the apostrophe before the s to fix this possessive.
batch_1_113	a_1	General Collocations	General Collocations_00	Every human being has a need in socialising and that is the first reason why I believe we start making friends.	Every human being has a need for socialising and that is the first reason why I believe we start making friends.	"A need" can't be followed by "in" like this.	Change "in" to "for" to fix this expression.
batch_1_114	a_2	Determiner-Noun Agreement	None	Others problems cited included pretty low uptime of the website, connection issues and login problems, particularly correct credentials not working.	Other problems cited included pretty low uptime of the website, connection issues and login problems, particularly correct credentials not working.	When the word "other" is used as a determiner, it does not take an "s" form, regardless of the plurality of the noun it is modifying.	Change "others" to "other."
batch_2_001	a_2	Fixed Expressions	Fixed Expressions_00	Many people travel by train because they arrive quicker than the bus and are cheaper in a long run.	Many people travel by train because they arrive quicker than the bus and are cheaper in the long run.	The correct phrasing for this idiom is "in the long run."	Change "in a long run" to "in the long run."
batch_2_002	a_1	Plural vs. Singular: Noun Number	Plural vs. Singular: Noun Number_00	But one day, two guys with quad bike saw something wrong, and they sad 'what's that?'. They saw a dead body. They were scared and ran to their camp.	But one day, two guys with quad bikes saw something wrong, and they sad 'what's that?'. They saw a dead body. They were scared and ran to their camp.	"Quad bike" is singular here, but you seem to be talking about more than one.	Change "quad bike" to be plural.
batch_2_003	a_1	Vocabulary Choice	Vocabulary Choice_00	I worked in a coffee last year in my country. I can work long hours.	I worked in a cafe last year in my country. I can work long hours.	"Coffee" is used for the drink or beans, not a place where you can work.	Consider using "cafe" instead.
batch_2_004	a_2	Modal	Modal_01	In my opinion, no one couldn't come to Italy without visiting Pompei.	In my opinion, no one should come to Italy without visiting Pompei.	Use the word "should" to refer to an action that is suggested or recommended to be followed.	Change the word "couldn't" to "should."
batch_2_006	a_2	Plural vs. Singular: Noun Number	Plural vs. Singular: Noun Number_07	Nothing is permanent in this world. I've heard these words from the mouth of my parents and now it is in my heart and helps me to deal with this kind of life.	Nothing is permanent in this world. I've heard these words from the mouths of my parents and now it is in my heart and helps me to deal with this kind of life.	You are referring to multiple parents, so you need to use the plural form of "mouth."	Change "mouth" to its plural form.
batch_2_007	a_1	Relative Clause	Relative Clause_01	Lima is among the top ten cities [NONE] have the messiest public transport in the world.	Lima is among the top ten cities that have the messiest public transport in the world.	It seems you are using a relative clause to explain more about the cities or highlight something about them. However, you are missing the relative pronoun.	Add a relative pronoun to introduce the relative clause.
batch_2_008	a_2	Vocabulary Choice	Vocabulary Choice_01	Michael believed his mother, although he observed bruises on his wife's shape.	Michael believed his mother, although he observed bruises on his wife's face.	Bruises are often described as being on a body or a part of a body, but "shape" does not necessarily refer to any part of the body.	Consider what you want to say and try another word instead of "shape."
batch_2_009	a_2	That Clause	That Clause_00	For example, people always walk on the right of the road in China. However, Australian rules specify [NONE] citizens drive on the left of the road.	For example, people always walk on the right of the road in China. However, Australian rules specify that citizens drive on the left of the road.	The word "specify" takes a complement clause marked by "that."	Add the word "that" to complete the that-clause.
batch_2_010	a_1	Part-of-Speech Confusion	Part-of-Speech Confusion_00	I really enjoy it because it gives me a lot of relax and it helps me to be toned and satisfied with myself.	I really enjoy it because it gives me a lot of relaxation and it helps me to be toned and satisfied with myself.	The word "relax" is a verb, but we need a noun here.	Change "relax" to a noun like "relaxation."
batch_2_011	a_2	Plural vs. Singular: Noun Number	Plural vs. Singular: Noun Number_01	In contrast, some people hate getting caught in a traffic jam, so they prefer public transport. Some other reasons might be rising gas price, car crashes or hating driving!	In contrast, some people hate getting caught in a traffic jam, so they prefer public transport. Some other reasons might be rising gas prices, car crashes or hating driving!	"Price" is singular here, but you are talking about the trend of all of them in general, not any specific price.	Change "price" to its plural form.
batch_2_012	a_1	Spelling	Spelling_00	The game starts with a ball at the centre of the field and them one of the two teams kicks it.	The game starts with a ball at the centre of the field and then one of the two teams kicks it.	This word may be misspelled.	Did you mean "then?"
batch_2_013	a_1	Prepositions: Means/Agent	Prepositions: Means/Agent_01	Half an hour after we arrived, everybody started arriving, there were many greetings, thanks, hugs, kisses, and then we all went to the table, which was magnificently stocked, [NONE] plenty of food of all kinds, drinks, but we were all waiting for the main course. Also, the food was magnificent, but the best part was when the couple went to the pool. We were lucky they had an amazing wedding planner who arranged magnificent and fun activities. He said to the bride and groom that they should each get into an inflatable ball and try walking on the water for as long as they could, and the bride won because the groom slipped and fell after them, out of the ball, fell into the water, and kissed.	Half an hour after we arrived, everybody started arriving, there were many greetings, thanks, hugs, kisses, and then we all went to the table, which was magnificently stocked, with plenty of food of all kinds, drinks, but we were all waiting for the main course. Also, the food was magnificent, but the best part was when the couple went to the pool. We were lucky they had an amazing wedding planner who arranged magnificent and fun activities. He said to the bride and groom that they should each get into an inflatable ball and try walking on the water for as long as they could, and the bride won because the groom slipped and fell after them, out of the ball, fell into the water, and kissed.	You are missing a preposition between "stocked" and "plenty of food" to show what the table has.	Add the preposition "with" before "plenty of food."
batch_2_014	a_1	Passive vs. Active Voice	None	When I started to study here in Australia, I have been found the difference in curriculum compared to my home country.	When I started to study here in Australia, I [NONE] found the difference in curriculum compared to my home country.	This is in the passive voice, so it sounds like the difference found you. The active voice is better if you are the finder.	Remove "have been" to make this into an active past tense verb.
batch_2_015	a_2	Vocabulary Choice	Vocabulary Choice_00	Following your letter, I want to tell you about the apartment. It is very beautiful, not big or small, but medium - sized with two rooms inside, a bathroom and a dining hall and an external director categorize overlooking a beautiful view. I am sure he will like it. to come and Tri condo b soon, n the end, I would say that I miss you so much and I hope to see you soon.	Following your letter, I want to tell you about the apartment. It is very beautiful, not big or small, but medium - sized with two rooms inside, a bathroom and a dining room and an external director categorize overlooking a beautiful view. I am sure he will like it. to come and Tri condo b soon, n the end, I would say that I miss you so much and I hope to see you soon.	A "dining hall" refers to a building or extremely large room for many people, but you are referring to a small room in an apartment.	Change "dining hall" to "dining room."
batch_2_016	a_1	Missing/Unnecessary Article	Missing/Unnecessary Article_00	With public transport you do not need to worry about filling up with petrol, checking tyre pressures, getting tired after driving [NONE] long way.	With public transport you do not need to worry about filling up with petrol, checking tyre pressures, getting tired after driving a long way.	You need an article before "long way." Since "long way" is not specific, it should have an indefinite article.	Add "a" before "long way."
batch_2_017	a_2	Plural vs. Singular: Noun Number	Plural vs. Singular: Noun Number_02	Every months I buy my pass to use on the bus.	Every month I buy my pass to use on the bus.	Use the singular form of the word modified by "every."	Change "months" to its singular form.
batch_2_018	a_2	Pronoun Antecedent	Pronoun Antecedent_00	Technology advances way too fast and it is really difficult to guess what kind of stuff or artefacts there will be fifty years from now, but we can guess some ideas, like flying cars, smartphones the size of a small piece of paper, really thin laptops like a quarter of an inch, clothes that clean itself or change color and shape, healthier food, smarter domestic appliances.	Technology advances way too fast and it is really difficult to guess what kind of stuff or artefacts there will be fifty years from now, but we can guess some ideas, like flying cars, smartphones the size of a small piece of paper, really thin laptops like a quarter of an inch, clothes that clean themselves or change color and shape, healthier food, smarter domestic appliances.	"Itself" is referring to the plural noun "clothes" and therefore a plural pronoun is required.	Use the plural form of "itself" to match the word "clothes."
batch_2_019	a_2	Determiner-Noun Agreement	Determiner-Noun Agreement_01	In ten years, they didn't change that things, because they are delicious and no one would like to eat anything other than roast!	In ten years, they didn't change those things, because they are delicious and no one would like to eat anything other than roast!	"Things" is plural, but the determiner "that" is for singular nouns.	Change "that" to the equivalent plural determiner.
batch_2_020	a_1	Part-of-Speech Confusion	Part-of-Speech Confusion_01	There we visited the central park and we stayed in a very luxury hotel.	There we visited the central park and we stayed in a very luxurious hotel.	The word "luxury" is a noun, but we need an adjective to modify a noun like "hotel."	Change "luxury" to an adjective like "luxurious."
batch_2_023	a_2	Missing/Unnecessary Article	Missing/Unnecessary Article_01	She makes a great food for us. I like to cook with her and eat from her hand.	She makes [NONE] great food for us. I like to cook with her and eat from her hand.	Do not use "a" with uncountable nouns such as "food."	Remove the word "a."
batch_2_024	a_1	Purpose Clause	Purpose Clause_05	Also, they do not have to find a place for park either.	Also, they do not have to find a place to park either.	When describing the right place for something, the correct construction is "a place to + verb (base form)."	Change "for" to "to" to fix the infinitive here.
batch_2_025	a_2	Relative Clause	Relative Clause_00	Once upon a time, there was a boy his name was Michael.	Once upon a time, there was a boy whose name was Michael.	A relative pronoun is required to mark the relative clause "name was Michael."	Change "his" to an appropriate relative pronoun.
batch_2_026	a_2	Plural vs. Singular: Noun Number	Plural vs. Singular: Noun Number_07	To begin with, there are two ways of cutting down on pollution which leads to global warming, which has become a real threat to our life day by day.	To begin with, there are two ways of cutting down on pollution which leads to global warming, which has become a real threat to our lives day by day.	"Life" is singular here, but "our" suggests more than one person's life.	Change "life" to its plural form.
batch_2_027	a_2	Hyphenation	None	Let's take me as an example. I am a 25 years old girl who graduated from the faculty of engineering and wants to travel to Germany to complete my studies, but I am not able to do this because my family will not allow me to travel alone.	Let's take me as an example. I am a 25-year - old girl who graduated from the faculty of engineering and wants to travel to Germany to complete my studies, but I am not able to do this because my family will not allow me to travel alone.	When using age as an adjective before a noun, hyphens are needed between the number, "year," and "old."	Add hyphens between each word to make this "25-year-old."
batch_2_028	a_1	Tense: Tense Choice	Tense: Tense Choice_00	It all began in 1981 when Freddy Fazbear's Pizza open. The establishment is a pizza restaurant but this pizza restaurant had robots. In 1981 there were four animatronics and their names were Chica, Foxy, Bonnie and Freddy.	It all began in 1981 when Freddy Fazbear's Pizza opened. The establishment is a pizza restaurant but this pizza restaurant had robots. In 1981 there were four animatronics and their names were Chica, Foxy, Bonnie and Freddy.	It seems like this happened in the past, but you are using the present tense.	Change "open" to the past tense.
batch_2_029	a_1	Tense: Continuous Aspect	Tense: Continuous Aspect_02	People now buying cars and scooters according to their convenience and pocket.	People now buy cars and scooters according to their convenience and pocket.	When describing something people generally do, use the simple present, not the present continuous.	Change "buying" to the simple present form.
batch_2_030	a_2	Tense: Tense Choice	Tense: Tense Choice_00	This helicopter had humid .Then the helicopter started to rotate in the whole island. Then the helicopter sank in the water. Then the hurricane ended and the engineers start to distribute food and medicine.	This helicopter had humid .Then the helicopter started to rotate in the whole island. Then the helicopter sank in the water. Then the hurricane ended and the engineers started to distribute food and medicine.	Use the simple past tense to talk about events that happened in the past.	Change "start" to its past tense form.
batch_2_031	a_1	Expressions of Time	Expressions of Time_00	He rushed from his bed to the street and walked to his way to see what he did every morning. When he was walking after the strange man, he noticed that he stopped at every trash can in the street to take a look and going to the next one. And, guess what? He saw Michael and ran away and Michael was afraid.	He rushed from his bed to the street and walked to his way to see what he did every morning. When he was walking after the strange man, he noticed that he stopped at every trash can in the street to take a look before going to the next one. And, guess what? He saw Michael and ran away and Michael was afraid.	It seems you are talking about one thing clearly happening before another, but "and" is mostly for things that happen together or around the same time.	Use another word, such as "before," to talk about things happening in order.
batch_2_032	a_1	Missing/Unnecessary Article	Missing/Unnecessary Article_03	The developed version of all those engines is used in the running vehicles on land, water and air which make our lives faster.	The developed version of all those engines is used in [NONE] running vehicles on land, water and air which make our lives faster.	"Vehicles" refers to vehicles in general, so it does not need an article here.	Remove the article "the."
batch_2_034	a_1	Articles with Exceptional Words	Articles with Exceptional Words_01	In conclusion, the real objective of the questionnaire consists of what the people think about the king sport of [NONE] United States of America.	In conclusion, the real objective of the questionnaire consists of what the people think about the king sport of the United States of America.	You are missing the article "the" before "United States of America." Many formal country names include "the."	Add "the" before "United States of America."
batch_2_035	a_1	Plural vs. Singular: Noun Number	Plural vs. Singular: Noun Number_07	No one can deny that time is a big factor in our life.	No one can deny that time is a big factor in our lives.	"Life" is singular here, but you seem to be talking about more than one.	Change "life" to be plural.
batch_2_037	a_1	Tense: Perfect	Tense: Perfect_03	Everyone was eagerly waiting for the ambulance's arrival, but it still [NONE] not yet reached us. The reason was our college location is quite far from the city. That's why it was late.	Everyone was eagerly waiting for the ambulance's arrival, but it still had not yet reached us. The reason was our college location is quite far from the city. That's why it was late.	The past perfect tense (i.e., "had not") is required here to talk about two past events when one did not happen by a certain time.	Add "had" before "not yet reached" to form the past perfect here.
batch_2_040	a_1	Tense: Tense Choice	Tense: Tense Choice_00	But his mother hated his wife and always shout at her.	But his mother hated his wife and always shouted at her.	It seems like this happened in the past, but you are using the present tense.	Change "shout" to the past tense.
batch_2_041	a_2	Grammatical Redundancy	Grammatical Redundancy_02	The river is in Toulouse is the Garona.	The river [NONE] in Toulouse is the Garona.	The sentence already contains a main verb, so it should not be repeated here.	Delete the word "is."
batch_2_043	a_2	Tense: Perfect	Tense: Perfect_03	Peter looked at his watch and knew that he had to do something immediately that he has planned two weeks ago.	Peter looked at his watch and knew that he had to do something immediately that he had planned two weeks ago.	When we talk about two past events, we use "had" before the verb of the earlier event. This is called the past perfect tense.	Change "has" to "had" to fix this past perfect verb.
batch_2_044	a_2	Plural vs. Singular: Noun Number	Plural vs. Singular: Noun Number_07	Scientists try to make people's life easier, but that's harmful for people's health because that makes people not move and get more fat.	Scientists try to make people's lives easier, but that's harmful for people's health because that makes people not move and get more fat.	"Life" is singular here, but "people" suggests more than one person's life.	Change "life" to its plural form.
batch_2_045	a_2	Possessive	Possessive_03	Nowadays, sport is a very important part [NONE] our life.	Nowadays, sport is a very important part of our life.	When one thing is a part of something else, the preposition "of" is typically used to show the relationship.	Add "of" after "part."
batch_2_046	a_1	Modal	Modal_00	The truth is, that the ideal would be that all people could work in their dream jobs and, of course, making a lot of money, like for example, Hollywood actors or football players. But that is almost impossible.	The truth is, that the ideal would be that all people could work in their dream jobs and, of course, make a lot of money, like for example, Hollywood actors or football players. But that is almost impossible.	Modals like "could" must use the base form of the verb, not the to-infinitive.	Change the verb "making" to the base form.
batch_2_047	a_2	Run-on Sentence	Run-on Sentence_02	The family has a blood bond, therefore we have a natural empathy.	The family has a blood bond, so we have a natural empathy.	"Therefore" can't link the two parts of this sentence. Right now, this is a run-on sentence. It must be broken up or connected more smoothly.	Consider using a different connecting word like "so" or making "therefore" the start of a new sentence.
batch_2_048	a_2	Subject-Verb Agreement	Subject-Verb Agreement_01	I'm a member of it and its goal is to improve the positivity of our society by setting up projects that serve many people who really needs our help.	I'm a member of it and its goal is to improve the positivity of our society by setting up projects that serve many people who really need our help.	The subject, "people," is plural. However, "needs" can only be used with a singular subject.	Change "needs" to a form that goes with a plural subject.
batch_2_050	a_2	Missing/Unnecessary Article	Missing/Unnecessary Article_00	We can choose expensive things for [NONE] interior,	We can choose expensive things for the interior,	A definite article is required to refer to the specific noun "interior."	Add "the" before "interior."
batch_2_051	a_2	Plural vs. Singular: Noun Countability	Plural vs. Singular: Noun Countability_01	To keep our minds well and healthy, we need to spend some times on sport.	To keep our minds well and healthy, we need to spend some time on sport.	The word "time" is generally not countable when referring to time in general and not a number of occurrences.	Change the word "times" to its singular form.
batch_2_052	a_2	Verb + Preposition + Argument	Verb + Preposition + Argument_01	Talking about your new job, I was searching for some vacancies. However, they required a full - time worker, so I am going to continue searching [NONE] some part - time jobs.	Talking about your new job, I was searching for some vacancies. However, they required a full - time worker, so I am going to continue searching for some part - time jobs.	"Searching" needs a preposition to connect to its object "part-time jobs."	Add "for" after "searching" to connect it to its object.
batch_2_053	a_2	Plural vs. Singular: Noun Number	Plural vs. Singular: Noun Number_01	I am a 24-year - old male, and I love to do challenging task.	I am a 24-year - old male, and I love to do challenging tasks.	"Task" is singular here, but you seem to be talking about general or various cases. Using a plural is more appropriate.	Change the word "task" to its plural form.
batch_2_054	a_2	Spelling	Spelling_00	A new, tougher world is in front of them as they get ready for collage or to embark on their professional career.	A new, tougher world is in front of them as they get ready for college or to embark on their professional career.	This word seems to be misspelled.	Change "collage" to "college."
batch_2_057	a_1	Vocabulary Choice	Vocabulary Choice_00	The old town is an historic and cultural center where a great part of the tourism is focused.	The old town is an historical and cultural center where a great part of the tourism is focused.	"Historic" might not be the best word here. It is generally used for important and famous moments in history, not to describe things that have a long or interesting history.	Consider using "historical" instead of "historic."
batch_2_058	a_2	Passive vs. Active Voice	None	Thousands of acres of forests to be destroyed, leading to climate change.	Thousands of acres of forests are destroyed, leading to climate change.	"To be destroyed" is an infinitive and can not work as the main verb of this sentence. When using a present passive as the main verb, use the simple present form of the be verb + a past participle.	Change the phrase "to be" from the infinitive form to the simple present form.
batch_2_059	a_1	Missing/Unnecessary Article	Missing/Unnecessary Article_00	Last but most important step is the inspection.	The last but most important step is the inspection.	To talk about a specific step, a definite article is necessary.	Add "the" before "last."
batch_2_060	a_1	Purpose Clause	Purpose Clause_00	Another reason for being a graduate school student is [NONE] learn more practical knowledge which can be applied in my future career.	Another reason for being a graduate school student is to learn more practical knowledge which can be applied in my future career.	To express purpose or reason, you can use the to-infinitive (to + verb (base form)).	Change the verb to the to-infinitive to complete the purpose clause.
batch_2_061	a_1	Modal	Modal_01	Nowadays, going to the gym is the new trend, but you don't only have to do sport because it's trendy.	Nowadays, going to the gym is the new trend, but you shouldn't only do sport because it's trendy.	"Don't have to" is about whether something is necessary, but this seems to be a suggestion.	Use words like "should" or "shouldn't" to talk about whether something is suggested.
batch_2_062	a_2	Verb Nominalization	Verb Nominalization_00	Second, it is true that shop in a shopping center is fast and convenient, because one can buy all types of things together.	Second, it is true that shopping in a shopping center is fast and convenient, because one can buy all types of things together.	"Shop" is a verb, so you can't use it as a noun.	Change the verb "shop" into its gerund form.
batch_2_063	a_2	Plural vs. Singular: Noun Number	None	Twenty years ago, no one would have thought of the inventions of the iPad or smartphones and how they could change our lives, but today, these items have become necessities of our daily lives. Nowadays, many people have got into the habit of carrying their smartphones no matter where they go.	Twenty years ago, no one would have thought of the invention of the iPad or smartphones and how they could change our lives, but today, these items have become necessities of our daily lives. Nowadays, many people have got into the habit of carrying their smartphones no matter where they go.	The word "inventions" is plural here, but in this situation, it seems to be used for the idea of inventing things, which is singular.	Change "inventions" to be singular.
batch_2_064	a_1	Vocabulary Choice	Vocabulary Choice_00	In my view, public transport will keep on offering their services, and will never be effected by the appearance of private means.	In my view, public transport will keep on offering their services, and will never be affected by the appearance of private means.	It seems you may want to use "affect" instead of "effect" here. These are commonly confused words. "Effect" means "result," while "affect" means "to influence."	Use "affect" instead of "effect" in this case.
batch_2_065	a_2	Vocabulary Choice	Vocabulary Choice_00	As long as there are some places for them to live, the natural ecology can be balanced.	As long as there are some places for them to live, the natural environment can be balanced.	"Ecology" means the study of living things the relationships between them, which does not seem appropriate here.	Consider changing "ecology" to "environment."
batch_2_066	a_1	Missing/Unnecessary Article	Missing/Unnecessary Article_00	If you are bored with seeing classical museums, you can go to thematic museums such as [NONE] natural history museum.	If you are bored with seeing classical museums, you can go to thematic museums such as a natural history museum.	You need an article before "natural history museum." Since you are talking about any museum and not a specific one, use an indefinite article.	Add "a" before "natural history museum."
batch_2_067	a_2	Part-of-Speech Confusion	Part-of-Speech Confusion_00	Injuries may happen as a result of doing it often if you do not know the way you run, or you do not take the necessary time to get the resistant that your body needs, for example.	Injuries may happen as a result of doing it often if you do not know the way you run, or you do not take the necessary time to get the resistance that your body needs, for example.	The word "resistant" is an adjective, but you need the noun form of the word here.	Change the suffix to create "resistance," the noun form of this word.
batch_2_068	a_2	Phrasal Verbs	Phrasal Verbs_00	Celine knew at that moment that her world had fallen down.	Celine knew at that moment that her world had fallen apart.	"Fall down" does not fit here. You might be thinking of the phrasal verb "fall apart," which means "break" or "degenerate."	Consider using "fall apart" instead of "fall down."
batch_2_069	a_1	Vocabulary Choice	Vocabulary Choice_02	The Homeless people are human beings and they must take their rights in life.	The Homeless people are human beings and they must have their rights in life.	"Take" may not be the best word here. It is not usually used with "rights."	Consider another word, such as "have."
batch_2_070	a_2	Vocabulary Choice	Vocabulary Choice_02	It is also a point that if you don't execute what you wanted to during the gap year, you are in the same place as when you were graduating school.	It is also a point that if you don't achieve what you wanted to during the gap year, you are in the same place as when you were graduating school.	The word "execute" is generally not used for reaching goals.	Consider using the word "achieve" instead of the word "execute."
batch_2_071	a_1	Tense: Tense Choice	Tense: Tense Choice_00	She ate breakfast, dressed and go to work.	She ate breakfast, dressed and went to work.	It seems like this happened in the past, but you are using the present tense.	Try changing "go" to the past tense.
batch_2_072	a_2	Tense: Tense Choice	Tense: Tense Choice_00	The next thing Michael knew was that he is making love with this girl.	The next thing Michael knew was that he was making love with this girl.	Use the past tense form of the be verb to indicate a continuous action in the past.	Change the word "is" to its past-tense form.
batch_2_074	a_1	Prepositions: Means/Agent	Prepositions: Means/Agent_03	The town is covered with more than thirty routes, most of them with a duplicate following the same route in the opposite direction.	The town is covered by more than thirty routes, most of them with a duplicate following the same route in the opposite direction.	"With" may not be the best preposition to use here. In a passive sentence like this one, the preposition "by" suggests who or what does something.	Consider changing "with" to "by."
batch_2_075	a_1	Possessive	Possessive_04	In conclusion, globalization on transportation has brought both positive and negative effects for Chinese people.	In conclusion, globalization of transportation has brought both positive and negative effects for Chinese people.	"On" is not the right preposition to show what is associated with "globalization."	Change "on" to "of."
batch_2_076	a_2	Conditional	Conditional_01	According to Wiki encyclopedia, the FBI called the occupiers 'terrorists' and decided to suppress the dispute as [NONE] dealing with a terrorist attack.	According to Wiki encyclopedia, the FBI called the occupiers 'terrorists' and decided to suppress the dispute as if dealing with a terrorist attack.	You are missing a word here to start a conditional or subjunctive clause.	Add the word "if" after "as."
batch_2_077	a_1	Other Determiner Error	Other Determiner Error_00	His advice helped me to increase the sales of [NONE] main e - retail partners.	His advice helped me to increase the sales of our main e - retail partners.	You need a determiner here - a word to clarify which main e-retail partners you are talking about.	Add a determiner (such as "the," "my," "our," etc.) before "main e-retail partners."
batch_2_079	a_1	Fixed Expressions	Fixed Expressions_01	Those people could be politicians, film stars, singers, football players and so on, living in constant stress because they can not have a 'normal' life, and, from my point of view, that's normal because they live for this, they are public people and, because of this, they have to keep calm and carry [NONE] with it.	Those people could be politicians, film stars, singers, football players and so on, living in constant stress because they can not have a 'normal' life, and, from my point of view, that's normal because they live for this, they are public people and, because of this, they have to keep calm and carry on with it.	The correct phrase is "keep calm and carry on."	Add "on" to complete the phrase.
batch_2_080	a_2	Pronoun Antecedent	Pronoun Antecedent_03	The question is if it is good to take a leaf out of their book and I am going to talk about it.	The question is if it is good to take a leaf out of their book and I am going to talk about that.	"It" might not be very clear here. "It" sounds like it might refer to something mentioned in another sentence. "That" is more appropriate for something you just introduced.	Change the word "it" to "that."
batch_2_081	a_1	Conditional	Conditional_03	Because there are nearly 70 billion people in the world, if everyone traveled by car even the half, the pollution will be a burden on the world.	Because there are nearly 70 billion people in the world, if everyone traveled by car even the half, the pollution would be a burden on the world.	"Will be" is incorrect here because you are talking about a hypothetical situation, which needs a second conditional.	Use the pattern "if... (past simple verb), ... would + (base form verb)" for hypothetical or imagined situations.
batch_2_082	a_1	Prepositions: Means/Agent	Prepositions: Means/Agent_01	To sum up, if you want to learn English, you don't need to go abroad. You can improve your English [NONE] working hard in your own country, for example, by doing exercises like listening and writing, or you can meet with native people who speak English to practise with them.	To sum up, if you want to learn English, you don't need to go abroad. You can improve your English by working hard in your own country, for example, by doing exercises like listening and writing, or you can meet with native people who speak English to practise with them.	A preposition is needed before "working" to show it is how the English is being improved.	Add "by" before "working."
batch_2_083	a_1	General Collocations	General Collocations_00	Secondly, I am so happy that you are glad with your new home. And what is it like?	Secondly, I am so happy that you are pleased with your new home. And what is it like?	It does not sound natural to use "glad" with "with."	Try "pleased" instead of "glad."
batch_2_085	a_1	Vocabulary Choice	Vocabulary Choice_00	When you get to the highest tower, you will watch the most breathtaking view.	When you get to the highest tower, you will see the most breathtaking view.	"Watch" is used for things that move or change. "See" is better for enjoying scenery.	Change "watch" to "see."
batch_2_086	a_1	Plural vs. Singular: Noun Number	Plural vs. Singular: Noun Number_03	This is where all the beautiful girl are shown to the young men of the community.	This is where all the beautiful girls are shown to the young men of the community.	"Girl" is a countable noun, so if we talk about "all" of them, you can't use the singular here.	Change "girl" to the plural.
batch_2_087	a_2	Casual or Informal Language	Casual or Informal Language_01	I would love to answer any question you could ask at this email [NONE], qq@gmail.com, and this mobile phone number, 666666666. I would be delighted to attend an interview whenever suits you.	I would love to answer any question you could ask at this email address, qq@gmail.com, and this mobile phone number, 666666666. I would be delighted to attend an interview whenever suits you.	Using only the word "email" here may sound casual or informal. The more formal "email address" may be better for essays and emails.	Consider changing this to "email address" to sound more formal or professional.
batch_2_088	a_2	Plural vs. Singular: Noun Number	Plural vs. Singular: Noun Number_00	There are many city in the world planning car free days and promoting the use of public transport.	There are many cities in the world planning car free days and promoting the use of public transport.	The word "city" is a countable noun, but you are referring to multiple.	Change the word "city" to its plural form.
batch_2_090	a_2	Purpose Clause	Purpose Clause_02	She had an accident today, so I have to stay here for care for her.	She had an accident today, so I have to stay here to care for her.	You can't use "for care for" to express purpose. Purpose clauses typically use a phrase with a to-infinitive or a that clause.	Consider removing "for" and changing "care for" to the to-infinitive.
batch_2_091	a_1	Purpose Clause	Purpose Clause_03	In conclusion, public transportation will still play an important role in transportation in a city, unless environmentally - friendly vehicles are promoted by the government and the roads and highways in a city are managed well to accommodating a huge number of cars.	In conclusion, public transportation will still play an important role in transportation in a city, unless environmentally - friendly vehicles are promoted by the government and the roads and highways in a city are managed well to accommodate a huge number of cars.	"Accommodating" should not be in the -ing form here. When talking about purpose, you can use a to-infinitive (to + verb (base form)).	Change "accommodating" to the base form.
batch_2_092	a_1	Spelling	Spelling_00	When these people can drive a self - driving car, they feel more comfortable and the can live more freely.	When these people can drive a self - driving car, they feel more comfortable and they can live more freely.	This word may be misspelled.	Did you mean "they?"
batch_2_093	a_2	Contractions	Contractions_00	My favorite book right now is: 'The Fault in our Stars', because its a really good subject and it is sad but a great story.	My favorite book right now is: 'The Fault in our Stars', because it's a really good subject and it is sad but a great story.	"Its" is not short for "it is." You are missing an apostrophe.	Add an apostrophe to change "its" to "it's."
batch_2_095	a_2	Stylistic Redundancy	Stylistic Redundancy_00	Furthermore, we use personal vehicles or rent cars for travelling, because it is more convenient and gives us the feeling of our independence.	Furthermore, we use personal vehicles or rent cars for travelling, because it is more convenient and gives us the feeling of [NONE] independence.	Since you mention the feeling is given to "us," it is not necessary to use "our" here. The sentence would sound more natural without it.	Consider removing "our."
batch_2_096	a_1	Tense: Tense Choice	Tense: Tense Choice_00	The first accurate translation of Hamlet from the original is published in 1828.	The first accurate translation of Hamlet from the original was published in 1828.	It seems like this happened in the past, but you are using the present tense.	Try changing "is" to the past tense.
batch_2_098	a_1	Plural vs. Singular: Noun Number	Plural vs. Singular: Noun Number_00	These small thing give me a lot.	These small things give me a lot.	"Thing" is singular here, but you seem to be talking about more than one.	Change "thing" to be plural.
batch_2_099	a_1	Expressions of Place	Expressions of Place_01	It is true that water sports are not the most usual there, but, I enjoy doing them every summer on the beach.	It is true that water sports are not the most usual there, but, I enjoy doing them every summer at the beach.	"On" may not be the best preposition to use here. "On the beach" means being on the sand or rocks of the beach itself, while "at the beach" is broader and includes the water.	Consider changing "on the beach" to "at the beach."
batch_2_100	a_2	Verb + Preposition + Argument	Verb + Preposition + Argument_01	On the one hand, Berlusconi compromised his position when some journalists told the world [NONE] some wiretappings of his which would compromise his future political career; on the other, Luciano Ligabue won the award for the best song of the year, bringing his career ever forward.	On the one hand, Berlusconi compromised his position when some journalists told the world about some wiretappings of his which would compromise his future political career; on the other, Luciano Ligabue won the award for the best song of the year, bringing his career ever forward.	The word "tell" requires the word "about" to refer to a general story or explanation.	Add the word "about" before "some wiretappings."
batch_2_102	a_2	Other Style/Register Issue	None	This essay will argue that genetically modified food can be the way out of the problem of food deficit and this will be done by focusing on its environmental benefits and increased food yield.	This essay will argue that genetically modified food could be the way out of the problem of food deficit and this will be done by focusing on its environmental benefits and increased food yield.	"Can" might be a little too confident here. In academic writing like an essay, it is often best to be careful with strong statements.	Consider changing "can" to a less confident word like "could" or "may."
batch_2_103	a_1	Tense: Tense Choice	Tense: Tense Choice_00	He will deal with temporarily disabled people who came for a rehabilitation session every other day.	He would deal with temporarily disabled people who came for a rehabilitation session every other day.	"Will" is for the future, but this seems like something that happened often in the past. The "habitual past" may be better.	Consider changing "will" to "would" or "used to" to make this the habitual past tense.
batch_2_104	a_1	Missing/Unnecessary Article	Missing/Unnecessary Article_03	The responsibility of the educational institutions is to make sure that he/she won't be in danger in the swimming pool instead of dissuading him/her from getting close to the water.	The responsibility of [NONE] educational institutions is to make sure that he/she won't be in danger in the swimming pool instead of dissuading him/her from getting close to the water.	The article "the" is not necessary because you are talking about all educational institutions in general.	Remove the article "the."
batch_2_105	a_2	Expressions of Time	Expressions of Time_00	In the meanwhile, if people prefer to take buses or subways, there will be less noise in the streets.	In the meantime, if people prefer to take buses or subways, there will be less noise in the streets.	The word "meanwhile" is only used on its own as as an adverb. You may be thinking of the word "meantime" which combines with "in the" to make an adverbial phrase.	Change the word "meanwhile" to "meantime."
batch_2_106	a_2	Spelling	Spelling_00	Secondly, we have and amazing script that can be considered unique.	Secondly, we have an amazing script that can be considered unique.	This word may be misspelled.	Change the word "and" to "an."
batch_2_107	a_1	Prepositions: Means/Agent	Prepositions: Means/Agent_00	The main reason is the convenience of travelling by cars in comparison with using public transport.	The main reason is the convenience of travelling by car in comparison with using public transport.	When using "by" with a noun to describe how something is done, it is necessary to use the singular version of the noun.	Change "cars" to be singular.
batch_2_108	a_1	Participle	Participle_00	Higher power efficiency and linearity cause decreased power consumption, increase lifetime and reduction of interference channels.	Higher power efficiency and linearity cause decreased power consumption, increased lifetime and reduction of interference channels.	A verb like "increase" can not be used in this form to modify "lifetime." It must be changed into a participle.	Change "increase" to the past participle.
batch_2_109	a_1	Determiner-Noun Agreement	Determiner-Noun Agreement_00	However, underground trains and buses are equipped with such a powerful heating systems that you forget about the cold.	However, underground trains and buses are equipped with such [NONE] powerful heating systems that you forget about the cold.	The singular indefinite article "a" can not be used with plural nouns.	Remove the article "a."
batch_2_110	a_2	Vocabulary Choice	Vocabulary Choice_00	You lost your flight and it was a business trip! You're going to get fired! ',	You missed your flight and it was a business trip! You're going to get fired! ',	The word "lost" refers to something that has been forfeited or misplaced. "Missed" is more appropriate for failing to get on a plane.	Change the word "lost" to "missed."
batch_2_111	a_2	Tense: Tense Choice	Tense: Tense Choice_00	At first, I completely agree with this, but then when I started to think about it I realized that it's not like that.	At first, I completely agreed with this, but then when I started to think about it I realized that it's not like that.	Use the simple past tense to refer to actions that occurred in the past.	Change the word "agree" to its simple past-tense form.
batch_2_112	a_2	Missing/Unnecessary Article	Missing/Unnecessary Article_00	Additionally, climate change related to natural disasters also causes famine, which has caused deaths and forced people as well as animals to leave their homes. More seriously, [NONE] climate is continuingly changing and still contributing to natural disasters.	Additionally, climate change related to natural disasters also causes famine, which has caused deaths and forced people as well as animals to leave their homes. More seriously, the climate is continuingly changing and still contributing to natural disasters.	To talk about a specific climate, use the definite article.	Add the definite article "the" here.
batch_2_113	a_2	Run-on Sentence	Run-on Sentence_00	The place is very near where I live, and I've worked in a lot of Cafes before, [NONE] unfortunately, I had to leave them for school and college.	The place is very near where I live, and I've worked in a lot of Cafes before, but unfortunately, I had to leave them for school and college.	This is a run-on sentence. It must be broken up or connected more smoothly.	Consider adding a conjunction here or changing the comma to a semicolon or period.
batch_2_114	a_2	Spelling	Spelling_00	But when they became more frequent and witnesses described huge, flurry, dark and terrifying creatures with blood - shot eyes, panic grew in the population.	But when they became more frequent and witnesses described huge, furry, dark and terrifying creatures with blood - shot eyes, panic grew in the population.	You may have misspelled the word "furry" here.	Change the word "flurry" to "furry."